id;fichier;fichier_content_type;membres_id;tache_id
1;../fake-data/blob/hipster.png;image/png;1;1
2;../fake-data/blob/hipster.png;image/png;2;2
3;../fake-data/blob/hipster.png;image/png;3;3
4;../fake-data/blob/hipster.png;image/png;4;4
5;../fake-data/blob/hipster.png;image/png;5;5
6;../fake-data/blob/hipster.png;image/png;6;6
7;../fake-data/blob/hipster.png;image/png;7;7
8;../fake-data/blob/hipster.png;image/png;8;8
9;../fake-data/blob/hipster.png;image/png;9;9
10;../fake-data/blob/hipster.png;image/png;10;10
